"vendorID","theme","homeState","carnivals","complaints","est_energy","est_hourly_vol","LL_passholder","est_hourly_gross"
1,"Hot Chocolate/Warm Treats","Maine",3,9,57.2919613902905,118,"0",217.93
2,"Local Artists","Vermont",1,2,39.4048978136267,105,"1",209.51
3,"Fortune Teller","New Hampshire",5,4,47.1759578436959,94,"0",200.68
4,"Fried Dough and Pizza","Maine",8,0,58.1925682981803,118,"0",251.4
5,"craft beer","New Hampshire",7,6,56.6579083051113,102,"0",168.76
6,"Homemade Holiday Gifts","Maine",5,7,39.0116058947475,106,"0",210.85
7,"Video Game/eSports","Quebec",7,6,61.0991690616357,111,"0",167.16
8,"Homemade Holiday Gifts","Vermont",9,10,36.1547323569397,117,"0",283.6
9,"Games Of Chance","Maine",7,5,53.1772389545399,116,"0",154.96
10,"Steaming Hot Cocktails","Maine",2,10,50.6375099732999,109,"0",188.86
11,"Fried Dough and Pizza","Maine",3,3,36.0358013848705,91,"0",217.5
12,"Games Of Chance","Quebec",6,11,61.6617890886187,119,"0",219.69
13,"Canadian Snacks","Maine",4,10,18.205266149523,116,"1",232.3
14,"Homemade Holiday Gifts","Maine",4,5,30.0291637958915,123,"0",159.81
15,"Video Game/eSports","Maine",6,5,56.3146989956551,95,"1",226.56
16,"Fried Dough and Pizza","Connecticut",8,11,62.8900218514813,103,"0",190.48
17,"Games Of Chance","Maine",5,9,39.9058650036347,110,"1",203.73
18,"Homemade Holiday Gifts","Maine",4,12,27.1152035818307,107,"0",211.01
19,"Local Artists","Maine",1,9,35.6925721886589,126,"0",233.77
20,"Canadian Snacks","Vermont",6,2,58.8433772648521,105,"0",242.01
21,"Homemade Holiday Gifts","New Hampshire",6,4,44.4695864703347,134,"1",226.81
22,"Fried Dough and Pizza","Maine",4,0,62.7629963611507,102,"0",201.18
23,"Steaming Hot Cocktails","Vermont",4,16,63.9891697911045,123,"0",238.46
24,"Fried Dough and Pizza","Maine",3,9,57.3242068374602,119,"0",240.97
25,"Hot Chocolate/Warm Treats","Massachusetts",11,16,48.7090600364789,111,"0",176.44
26,"Maine Tourism Promotion","Maine",4,11,53.5719271396315,99,"0",207.62
27,"Games Of Chance","New Hampshire",3,7,52.5894223172452,99,"0",226.32
28,"Hot Chocolate/Warm Treats","Maine",3,0,55.5576534789708,116,"0",207.15
29,"Fried Dough and Pizza","Vermont",6,19,47.5527168382284,96,"0",209.51
30,"Games Of Chance","Maine",6,0,58.9287942075083,110,"0",211.5
31,"Steaming Hot Cocktails","Quebec",4,7,42.4024527699206,107,"0",185.82
32,"Homemade Holiday Gifts","Connecticut",3,9,34.7141688414539,133,"0",258.22
33,"Local Artists","Maine",5,0,47.3686483343721,109,"0",234.25
34,"Fried Dough and Pizza","Maine",7,0,41.669142972732,100,"0",243.31
35,"Fortune Teller","Maine",7,3,21.8195433574942,105,"0",211.09
36,"Games Of Chance","New Hampshire",3,3,23.352490712171,131,"0",234.24
37,"Homemade Holiday Gifts","New Hampshire",7,6,35.2816768388366,111,"0",207.08
38,"craft beer","Maine",7,13,56.832812443565,100,"0",179.83
39,"Video Game/eSports","Maine",3,17,56.7178682429515,98,"0",214.96
40,"Canadian Snacks","Maine",1,4,58.4862495378699,104,"0",171.49
41,"Games Of Chance","Maine",4,4,43.5951642370677,118,"0",217.67
42,"Homemade Holiday Gifts","Vermont",6,6,51.2101332910689,100,"0",194.4
43,"Hot Chocolate/Warm Treats","Maine",7,5,35.2227802519093,117,"0",200.88
44,"Games Of Chance","Maine",4,7,43.1650559852698,137,"1",231.52
45,"Homemade Holiday Gifts","Quebec",4,11,24.3276108672733,98,"0",245.42
46,"Canadian Snacks","Connecticut",3,12,58.2654345635762,93,"0",187.3
47,"Fried Dough and Pizza","New Hampshire",8,3,57.5107650583782,120,"0",279.11
48,"Fortune Teller","Maine",8,5,38.8688338190102,106,"0",223
49,"Local Artists","Maine",2,6,35.0964641424656,112,"0",230.94
50,"Fried Dough and Pizza","Maine",5,12,69.9610564732958,114,"0",174.52
51,"Homemade Holiday Gifts","Maine",6,15,24.284055001385,117,"0",238.15
52,"Fried Dough and Pizza","Maine",3,5,35.8729865255789,115,"0",285.52
53,"Hot Chocolate/Warm Treats","Quebec",9,10,55.1692381429389,104,"0",198.98
54,"Fried Dough and Pizza","Maine",0,0,60.7044675709821,112,"0",281.94
55,"Games Of Chance","Maine",6,0,46.6147903540554,128,"0",225.47
56,"Fried Dough and Pizza","Quebec",6,0,51.9158337092091,91,"0",208.23
57,"Canadian Snacks","Maine",5,0,46.173323344659,114,"0",256.38
58,"Hot Chocolate/Warm Treats","Maine",5,0,56.7935003765746,117,"1",207.63
59,"Hot Chocolate/Warm Treats","Maine",4,8,38.1343593569345,104,"1",225.17
60,"Fried Dough and Pizza","Maine",5,4,33.8441219067062,147,"0",225.11
61,"Hot Chocolate/Warm Treats","Connecticut",7,5,42.4873155794304,118,"1",222.53
62,"Fried Dough and Pizza","New Hampshire",3,0,57.9716104177956,104,"0",211.71
63,"Canadian Snacks","Maine",8,0,63.9149407065426,124,"1",199.46
64,"Canadian Snacks","Ontario",9,3,74.9653923907886,112,"0",200.54
65,"Canadian Snacks","Vermont",6,8,68.9762410385725,121,"0",231.65
66,"craft beer","Maine",5,14,68.9114457594861,123,"0",285.85
67,"Games Of Chance","Maine",7,0,60.4625690949888,111,"0",199.37
68,"Homemade Holiday Gifts","Maine",6,4,43.0801662295748,132,"0",227.7
69,"Homemade Holiday Gifts","Maine",7,1,35.1035650743283,127,"0",232.67
70,"Steaming Hot Cocktails","Maine",4,0,50.2604874807014,100,"0",174.28
71,"Games Of Chance","Maine",7,7,44.8201517579626,110,"0",173.77
72,"Canadian Snacks","Connecticut",3,0,50.6019606289939,111,"0",217.47
73,"Games Of Chance","Maine",4,0,47.9968835306125,98,"0",181.84
74,"Canadian Snacks","Maine",7,17,54.1897785279603,119,"0",173.25
75,"Local Artists","Quebec",5,10,30.8158813246612,100,"1",201.93
76,"Games Of Chance","Maine",5,5,44.9751905526708,111,"0",219.06
77,"Games Of Chance","Maine",7,0,54.6810010331341,100,"0",217.57
78,"Fried Dough and Pizza","Maine",5,13,45.5959462343935,115,"0",237.05
79,"craft beer","Maine",5,7,40.1458858702701,114,"0",194.04
80,"Local Artists","Vermont",2,9,42.5037414246671,107,"0",223.06
81,"Canadian Snacks","Vermont",6,0,54.2843966374593,99,"0",261.98
82,"Hot Chocolate/Warm Treats","Maine",6,7,51.4181117961676,105,"1",212.59
83,"Games Of Chance","Maine",7,0,59.2020135676818,87,"0",249.17
84,"Homemade Holiday Gifts","Maine",4,0,46.1944694528537,123,"0",224.81
85,"Hot Chocolate/Warm Treats","Maine",4,10,30.0970199137246,111,"0",236.38
86,"Hot Chocolate/Warm Treats","Maine",4,5,47.9266466794857,109,"0",184.84
87,"Local Artists","Maine",7,0,26.744566925741,103,"0",242.73
88,"Homemade Holiday Gifts","Maine",5,0,19.0976806891131,130,"1",237.85
89,"Video Game/eSports","Maine",4,10,62.6262336858686,111,"0",202.7
90,"Canadian Snacks","Maine",8,0,60.641337658021,106,"0",211.18
91,"Games Of Chance","Maine",2,0,51.105988628271,113,"1",214.26
92,"Homemade Holiday Gifts","Maine",2,8,37.9590860185527,107,"0",204.61
93,"Fried Dough and Pizza","Maine",3,9,38.9693894367303,107,"0",244.54
94,"Homemade Holiday Gifts","Maine",4,8,49.779309468059,114,"0",241.51
95,"Games Of Chance","Maine",5,2,42.8866539708202,117,"0",304.66
96,"Local Artists","Quebec",9,0,57.2933117977019,121,"0",194.17
97,"Fortune Teller","Vermont",5,6,66.8678460644707,106,"0",196.85
98,"Games Of Chance","Maine",4,1,53.8375571079501,98,"0",242.27
99,"Games Of Chance","Connecticut",6,9,60.3504724924537,103,"1",218.36
100,"Local Artists","Maine",3,8,27.2564181156308,94,"0",219.46
101,"Homemade Holiday Gifts","New Hampshire",7,7,34.8508663179089,117,"0",237.76
102,"Steaming Hot Cocktails","Maine",3,2,63.3026387097601,103,"0",209.22
103,"Maine Tourism Promotion","Maine",10,3,53.1974859774308,109,"0",181.03
104,"Games Of Chance","Vermont",5,0,47.0485503327203,116,"0",300.78
105,"Homemade Holiday Gifts","Maine",1,7,52.4430854601874,94,"0",210.47
106,"Hot Chocolate/Warm Treats","Maine",5,8,31.9847541606273,102,"0",222.08
107,"Homemade Holiday Gifts","Maine",8,1,60.7883067353925,96,"0",245.33
108,"Fried Dough and Pizza","Maine",6,4,44.7630963591989,130,"0",272.95
109,"Canadian Snacks","New Hampshire",5,5,44.1755463789328,102,"0",212.54
110,"Hot Chocolate/Warm Treats","Connecticut",3,0,51.9393004473795,107,"0",247.47
111,"Canadian Snacks","Maine",6,15,35.6690760496397,102,"0",228.63
112,"Hot Chocolate/Warm Treats","Vermont",4,9,69.8382896141824,133,"1",165.92
113,"Steaming Hot Cocktails","Maine",3,14,68.9114457594861,123,"0",285.85
114,"Fried Dough and Pizza","Quebec",7,13,55.1731434442407,117,"0",251.02
115,"craft beer","Maine",10,10,54.870548647024,110,"0",196.88
116,"Homemade Holiday Gifts","Maine",4,11,23.6091991996343,105,"0",164.48
117,"Local Artists","Connecticut",5,0,14.801425620554,118,"0",322.57
118,"DIY Ice Sculpture","Maine",13,13,61.7112529003002,129,"0",242.75
119,"Hot Chocolate/Warm Treats","Vermont",7,6,63.6855217697229,101,"1",176.58
120,"Homemade Holiday Gifts","New Hampshire",6,0,57.7230028982756,114,"1",241.97
121,"Local Artists","New Hampshire",5,0,15.9792617768314,89,"1",197.06
122,"Hot Chocolate/Warm Treats","New Hampshire",6,9,33.5837120049738,112,"0",189.19
123,"Games Of Chance","Maine",4,11,58.7597272310776,128,"0",248.26
124,"Canadian Snacks","Maine",5,0,66.345851230049,123,"0",236.69
125,"Maine Tourism Promotion","Maine",8,0,52.5708315748261,116,"0",211.65
126,"Fried Dough and Pizza","Maine",3,0,48.3651799601985,113,"1",273.9
127,"Canadian Snacks","New Hampshire",7,4,61.5235221464208,143,"1",223.25
128,"Local Artists","Maine",8,9,21.0533949927138,111,"0",180.34
129,"Fried Dough and Pizza","Connecticut",7,0,64.6544962468147,115,"0",291.67
130,"Steaming Hot Cocktails","Massachusetts",3,0,45.2505376486519,113,"0",225.76
131,"Homemade Holiday Gifts","Vermont",7,5,32.191005724457,94,"0",191.67
132,"Local Artists","Quebec",5,11,35.9047827497291,98,"0",187.23
133,"Homemade Holiday Gifts","Maine",5,13,51.5817011722626,120,"1",145.6
134,"Steaming Hot Cocktails","Vermont",1,17,43.3246255593551,94,"0",173.53
135,"Hot Chocolate/Warm Treats","Quebec",3,12,57.2545859421753,96,"0",201.74
136,"Steaming Hot Cocktails","Maine",3,0,56.5511782758606,103,"0",200.79
137,"Maine Tourism Promotion","Maine",3,1,57.2982402912984,102,"0",182.36
138,"Fried Dough and Pizza","New Hampshire",7,0,35.8956447151915,105,"1",228.34
139,"Games Of Chance","Maine",3,5,61.2630034427885,94,"0",178.04
140,"Games Of Chance","Maine",6,5,64.040497473285,127,"0",184.65
141,"Homemade Holiday Gifts","Maine",7,7,18.2117365030496,112,"0",200.45
142,"Hot Chocolate/Warm Treats","Maine",6,13,42.2676373598308,110,"0",207.18
143,"Local Politician","Maine",4,0,42.0809654666511,123,"0",241.68
144,"DIY Ice Sculpture","Quebec",7,1,81.9755008573615,124,"0",189.44
145,"Local Artists","Massachusetts",7,5,38.9907545051634,110,"1",245.19
146,"Fried Dough and Pizza","Maine",4,1,57.1973164925289,107,"0",193.3
147,"Hot Chocolate/Warm Treats","Maine",5,0,53.254419000525,112,"0",190.9
148,"Fried Dough and Pizza","New Hampshire",2,0,74.1790320717212,110,"0",230.39
149,"Fried Dough and Pizza","Quebec",2,14,62.150898894809,126,"1",200.09
150,"Specialty Ice Cream","Maine",6,8,49.4150556334107,125,"0",246.65
151,"Hot Chocolate/Warm Treats","Connecticut",6,6,52.9251521158811,111,"0",201.39
152,"Hot Chocolate/Warm Treats","Maine",6,6,58.956510575034,127,"0",157.07
153,"Games Of Chance","Maine",8,3,49.4040718248712,113,"0",259.87
154,"Hot Chocolate/Warm Treats","Maine",7,6,50.3828075211816,105,"0",242.47
155,"Games Of Chance","Maine",6,12,39.6298298350977,118,"0",263.85
156,"Games Of Chance","Maine",6,6,34.8361851294687,126,"0",203.15
157,"Hot Chocolate/Warm Treats","New Hampshire",5,5,52.546641104015,115,"0",206.94
158,"Games Of Chance","Maine",6,3,64.7803804097563,130,"0",221.69
159,"Games Of Chance","Maine",8,4,43.4807132507344,103,"0",203.59
160,"Canadian Snacks","Maine",3,10,50.6364013066736,94,"0",194.78
161,"Fortune Teller","Maine",4,8,50.9877399851853,94,"1",201.7
162,"Maine Tourism Promotion","Maine",3,6,46.6222681193687,104,"0",134.64
163,"Hot Chocolate/Warm Treats","Maine",5,0,44.9433989175972,114,"0",180.78
164,"Homemade Holiday Gifts","Ontario",8,9,10.0298368033106,135,"0",258.66
165,"Fried Dough and Pizza","Quebec",3,13,50.5821488560054,99,"0",186.29
166,"Homemade Holiday Gifts","Maine",6,9,44.6615483019234,99,"0",168.62
167,"Canadian Snacks","Maine",9,0,43.7907227422873,119,"0",275.19
168,"Local Artists","Maine",6,12,39.925084881814,116,"1",252.14
169,"Games Of Chance","Maine",6,0,33.2106192449519,110,"0",207.28
170,"Canadian Snacks","Vermont",5,13,64.3176329716121,119,"0",257.87
171,"Specialty Ice Cream","Maine",6,7,43.1616558908566,130,"1",206.8
172,"Canadian Snacks","Maine",6,1,43.5434040835076,106,"0",197.71
173,"Games Of Chance","Maine",6,1,64.3103893845928,108,"0",199.69
174,"Homemade Holiday Gifts","Vermont",5,1,28.2825379268493,109,"1",226.39
175,"Steaming Hot Cocktails","New Hampshire",1,0,43.4928773800751,105,"0",166.24
176,"Homemade Holiday Gifts","Maine",4,0,39.0511810705321,111,"0",229.24
177,"Canadian Snacks","Maine",5,4,41.8780417181543,116,"0",196.93
178,"Games Of Chance","Maine",7,4,63.5747087754794,114,"0",219.59
179,"craft beer","Quebec",5,12,41.0538649516152,107,"0",146.69
180,"DIY Ice Sculpture","Vermont",11,0,58.6294003904587,101,"0",202.64
181,"Homemade Holiday Gifts","Connecticut",2,1,21.2366888017678,117,"0",243.02
182,"Video Game/eSports","Maine",4,5,55.8301721775495,123,"1",235.16
183,"Hot Chocolate/Warm Treats","Maine",9,0,49.4329522771114,128,"0",248.96
184,"Local Artists","Quebec",6,13,31.7585825745107,120,"0",302.64
185,"Games Of Chance","Maine",4,2,55.1946137678311,120,"1",242.6
186,"Local Artists","Maine",4,1,33.9562161905249,105,"0",184.87
187,"Games Of Chance","Maine",7,0,57.9780480077902,95,"0",216.45
188,"Games Of Chance","New Hampshire",4,0,50.2823816788516,96,"1",158.24
189,"Homemade Holiday Gifts","Vermont",6,17,58.4398710419766,108,"0",156.56
190,"Fried Dough and Pizza","Maine",4,0,46.5111378997101,105,"0",175.94
191,"Specialty Ice Cream","Maine",7,5,59.5856715179325,105,"0",164.72
192,"DIY Ice Sculpture","Maine",5,0,52.5863482813548,114,"0",249.05
193,"Steaming Hot Cocktails","Maine",4,11,58.4556790338983,94,"0",171.35
194,"Hot Chocolate/Warm Treats","Ontario",2,3,38.8748146113936,105,"0",191.48
195,"Fried Dough and Pizza","Maine",5,6,42.0188869497121,137,"1",199.76
196,"Games Of Chance","Maine",4,8,33.8519465841974,97,"0",236.11
197,"Fried Dough and Pizza","Quebec",1,7,68.5810093210914,129,"1",234.19
198,"Local Artists","New Hampshire",4,11,34.2166138199044,120,"0",240.34
199,"Video Game/eSports","Massachusetts",5,17,51.4055338106102,113,"1",266.74
200,"Homemade Holiday Gifts","Connecticut",8,10,41.7550543307259,103,"1",178.29
201,"Hot Chocolate/Warm Treats","Maine",7,0,35.2861212376883,100,"0",199.01
202,"Steaming Hot Cocktails","Quebec",1,8,38.645573995522,112,"1",257.45
203,"craft beer","Maine",6,9,72.5952027551299,97,"0",240.63
204,"Homemade Holiday Gifts","Maine",7,0,15.8913343564471,120,"0",203.16
205,"DIY Ice Sculpture","Maine",8,11,35.7870929913721,123,"1",239.11
206,"Video Game/eSports","Maine",2,0,67.6847296563887,110,"0",273.78
207,"Fried Dough and Pizza","New Hampshire",5,20,65.1022021841554,105,"0",184.56
208,"Local Artists","Maine",4,8,21.9150834408329,129,"0",277.8
209,"Local Artists","New Hampshire",4,0,39.2122336498222,111,"0",204.05
210,"Homemade Holiday Gifts","Vermont",3,6,53.6816224931739,126,"0",274.18
211,"Steaming Hot Cocktails","New Hampshire",5,5,57.3661658582051,136,"0",252.91
212,"Local Artists","Maine",7,3,18.3153683519117,111,"0",210.87
213,"Hot Chocolate/Warm Treats","Maine",4,3,57.3280709032379,110,"0",181.39
214,"Homemade Holiday Gifts","Maine",6,5,30.3597517865883,122,"0",205.53
215,"Canadian Snacks","Connecticut",4,17,48.3881333475563,114,"0",193.21
216,"craft beer","Maine",4,4,59.0128032567484,126,"0",273.59
217,"Homemade Holiday Gifts","Maine",8,0,27.7110870146988,105,"0",218.02
218,"Hot Chocolate/Warm Treats","Maine",5,10,42.2593424052155,100,"0",174.62
219,"Local Artists","Maine",4,6,49.8383366108071,119,"0",199.84
220,"Local Artists","Maine",4,2,46.1019061466562,99,"0",205.12
221,"Hot Chocolate/Warm Treats","Maine",2,7,63.0065732327928,119,"1",265.37
222,"Homemade Holiday Gifts","Maine",3,4,33.5335818677415,93,"0",198.23
223,"Local Artists","Maine",6,0,36.1554731988774,106,"0",184.52
224,"Games Of Chance","Maine",3,10,55.6880270747714,121,"0",194.31
225,"Local Artists","New Hampshire",4,6,30.4385239852463,124,"0",249.55
226,"Fried Dough and Pizza","Maine",5,2,47.2914199131958,118,"0",270.56
227,"Homemade Holiday Gifts","Maine",7,4,13.1021120628283,127,"0",206.17
228,"Fried Dough and Pizza","Maine",4,0,43.1225645307999,128,"0",240.78
229,"Fried Dough and Pizza","Maine",9,2,57.3366910424942,97,"0",236.41
230,"Fried Dough and Pizza","Maine",1,9,48.595383486111,112,"0",225.51
231,"Homemade Holiday Gifts","Maine",7,0,22.6232535994905,120,"0",202
232,"Local Artists","Ontario",8,5,28.8260635477155,109,"0",235.05
233,"Hot Chocolate/Warm Treats","New Hampshire",2,14,70.2895128385968,124,"0",219.26
235,"Canadian Snacks","New Hampshire",3,14,41.9829205296215,130,"0",222.92
237,"Homemade Holiday Gifts","Maine",7,6,41.0038663466261,96,"1",218.91
238,"Local Artists","Maine",6,3,36.8299687237375,117,"1",244.94
239,"Hot Chocolate/Warm Treats","Maine",4,6,40.8600751813331,121,"1",230.39
240,"Canadian Snacks","Maine",7,20,52.6234692050248,126,"0",209.06
241,"Fried Dough and Pizza","Maine",5,5,63.6011777742079,123,"1",219.49
242,"Local Artists","Maine",7,3,37.0758218979088,119,"0",207.18
243,"Homemade Holiday Gifts","Maine",3,0,24.063429030749,118,"0",233.32
244,"Specialty Ice Cream","Connecticut",6,0,56.9152769427766,127,"0",296.11
245,"Hot Chocolate/Warm Treats","Maine",5,5,50.6657237867189,117,"0",226.08
246,"Hot Chocolate/Warm Treats","New Hampshire",1,3,60.408358042085,134,"0",232.87
247,"Local Artists","Maine",4,5,42.1976382002013,113,"0",228.62
248,"Video Game/eSports","Vermont",5,2,53.3045553095863,102,"0",188.48
249,"Canadian Snacks","Maine",3,5,69.6390277539778,103,"0",172.66
250,"Canadian Snacks","Maine",4,16,31.0185000622951,117,"1",279.5
251,"craft beer","New Hampshire",5,1,41.5284157360044,118,"0",285.07
252,"Fried Dough and Pizza","Maine",5,0,41.7669478764067,103,"0",260.58
253,"Steaming Hot Cocktails","Maine",3,0,80.7783264841842,110,"0",182.41
254,"Games Of Chance","Connecticut",3,0,43.8187863498175,118,"1",290.93
255,"Hot Chocolate/Warm Treats","Maine",5,0,53.3053032815003,110,"0",237.42
256,"Maine Tourism Promotion","Maine",5,13,44.1051734573739,107,"0",185.04
257,"Local Artists","Maine",6,5,71.6535594155039,130,"0",239.63
258,"Fried Dough and Pizza","New Hampshire",5,0,49.2812466948453,109,"0",194.42
259,"Games Of Chance","Maine",4,2,54.2012945379427,110,"1",188.19
260,"Homemade Holiday Gifts","Quebec",4,12,22.9748995832021,106,"1",174.79
261,"Local Artists","Quebec",3,1,44.2051389215537,113,"0",220.03
262,"Homemade Holiday Gifts","Ontario",7,16,38.5167688956227,129,"0",205.36
263,"Local Artists","Maine",6,0,36.8191773552464,130,"0",184.31
264,"Homemade Holiday Gifts","Maine",5,8,27.7540992017565,105,"0",200.81
265,"Specialty Ice Cream","Maine",7,0,43.5185231721698,109,"0",233.02
266,"Canadian Snacks","Maine",3,4,60.0283638632596,86,"0",124.75
267,"Games Of Chance","Connecticut",4,6,47.731485218089,114,"1",144.69
268,"Video Game/eSports","Maine",5,3,58.7646214916006,126,"0",221.49
269,"Games Of Chance","Maine",6,0,52.4185657258599,99,"0",203.36
270,"Fried Dough and Pizza","Maine",1,13,51.9743894105378,106,"0",197.99
271,"Games Of Chance","Quebec",7,0,65.3022629775992,107,"0",208.9
272,"Canadian Snacks","Ontario",6,13,62.4528340206566,90,"0",182.55
273,"Fried Dough and Pizza","Maine",2,5,51.4915495824217,103,"0",194.25
274,"Games Of Chance","Maine",1,0,50.1673446610037,113,"0",237.27
275,"Fried Dough and Pizza","New Hampshire",7,2,43.4109461073062,103,"0",191.66
276,"Fried Dough and Pizza","Maine",6,0,39.7152137519777,98,"0",189.28
277,"DIY Ice Sculpture","New Hampshire",9,0,60.1328092070753,95,"1",211.31
278,"Homemade Holiday Gifts","New Hampshire",4,0,51.3378344282832,110,"0",204.55
279,"Canadian Snacks","New Hampshire",8,0,60.3028451206636,126,"0",267.52
280,"Hot Chocolate/Warm Treats","New Hampshire",6,7,61.7285195421862,100,"1",220.37
281,"Specialty Ice Cream","Quebec",5,0,45.4326484427507,105,"0",149.75
282,"DIY Ice Sculpture","New Hampshire",8,3,28.306754351759,124,"1",250.2
283,"Hot Chocolate/Warm Treats","Maine",4,0,70.5918689948517,115,"0",281.73
285,"Specialty Ice Cream","Maine",5,4,36.6371331232296,115,"1",305.13
286,"Homemade Holiday Gifts","Maine",9,1,21.5847076916002,116,"1",208.92
287,"Hot Chocolate/Warm Treats","Maine",5,7,41.2771803392713,98,"0",172.79
288,"Homemade Holiday Gifts","Vermont",7,0,53.0998639355649,118,"0",217.42
289,"Hot Chocolate/Warm Treats","Maine",5,0,52.7170379505064,128,"0",257.61
290,"Games Of Chance","Maine",3,3,48.0304024560855,110,"0",215.67
291,"Specialty Ice Cream","Connecticut",8,7,41.962409966708,121,"0",260.31
292,"Fried Dough and Pizza","Maine",4,4,35.5592078700559,112,"1",181.68
293,"Games Of Chance","Maine",3,8,55.0998334023798,109,"0",233.66
294,"Steaming Hot Cocktails","Vermont",5,0,63.7682222449396,103,"0",251.59
295,"Steaming Hot Cocktails","New Hampshire",7,5,46.2383461892117,104,"1",175.83
296,"Games Of Chance","Maine",4,1,61.1216456618522,103,"0",230.85
297,"Hot Chocolate/Warm Treats","Maine",7,0,52.1626025801478,108,"0",175.46
298,"Hot Chocolate/Warm Treats","New Hampshire",6,8,48.3261440829234,123,"0",179.09
299,"Homemade Holiday Gifts","Maine",4,5,57.0726364535904,103,"0",206.91
300,"Canadian Snacks","Quebec",4,9,53.2357143062082,143,"0",263.36
301,"Hot Chocolate/Warm Treats","Connecticut",4,0,41.4091795017516,96,"0",246.18
302,"Canadian Snacks","Connecticut",7,0,35.0475241359724,109,"0",242.81
303,"Homemade Holiday Gifts","Maine",3,0,38.7537239506385,94,"1",220.93
304,"Fried Dough and Pizza","New Hampshire",8,14,33.8232519137873,118,"0",203.67
305,"Hot Chocolate/Warm Treats","Maine",5,10,64.9230697539896,114,"0",231.72
306,"Canadian Snacks","Vermont",2,0,41.3319214003711,125,"0",234.48
307,"Hot Chocolate/Warm Treats","Maine",2,3,60.3168607847346,119,"0",273.67
308,"Hot Chocolate/Warm Treats","Connecticut",4,0,57.3146020309243,126,"1",208.81
309,"Games Of Chance","Quebec",2,2,60.0193186819187,109,"0",211.28
310,"Local Artists","Massachusetts",4,0,57.7369924585519,113,"0",262.82
311,"Homemade Holiday Gifts","Maine",2,4,32.0232732054463,103,"0",203.91
312,"Fried Dough and Pizza","Maine",9,0,39.6679917674053,107,"0",228.47
313,"Canadian Snacks","Massachusetts",5,0,44.7045008486825,121,"0",255.97
314,"Hot Chocolate/Warm Treats","Maine",2,1,28.3383946460982,109,"1",189.31
315,"Homemade Holiday Gifts","Connecticut",2,15,34.4129339783292,129,"0",191.93
316,"Video Game/eSports","Maine",2,6,58.8503545257625,130,"0",267.6
317,"Hot Chocolate/Warm Treats","Ontario",3,0,73.4739566351644,125,"0",235.16
318,"Fried Dough and Pizza","Maine",6,2,69.7982341390894,83,"0",144.95
319,"Homemade Holiday Gifts","Maine",5,3,33.2247448637713,118,"1",227.77
320,"Canadian Snacks","Maine",8,0,42.3553013541257,114,"0",281.79
321,"Local Artists","Maine",5,8,13.1210235870698,111,"1",203.31
322,"Canadian Snacks","Maine",7,4,69.9936052249346,109,"0",205.73
323,"Games Of Chance","New Hampshire",1,14,43.7245816128355,128,"0",251.75
325,"Fortune Teller","Maine",6,9,45.2894278659304,144,"0",194.91
326,"Hot Chocolate/Warm Treats","Maine",1,0,67.700333174048,117,"0",198.11
327,"Steaming Hot Cocktails","Vermont",3,2,53.1465727984665,121,"0",266.74
328,"Canadian Snacks","Quebec",6,2,47.6792835075566,102,"1",219.74
329,"Local Artists","Maine",1,3,53.6114842233766,120,"0",233.84
330,"Specialty Ice Cream","Maine",7,9,40.8104198946638,110,"0",176.21
331,"Local Artists","Maine",8,10,48.0310664057951,117,"1",200.4
332,"Steaming Hot Cocktails","Quebec",4,0,38.4175211544444,97,"0",174.7
333,"Video Game/eSports","Vermont",3,0,53.6454253076387,123,"0",207.09
334,"Hot Chocolate/Warm Treats","Maine",5,7,43.420572653873,107,"0",174.16
335,"Steaming Hot Cocktails","Vermont",5,6,41.8046981299786,99,"0",289.03
336,"Fried Dough and Pizza","Maine",4,0,41.7351477719372,124,"0",214.86
337,"Maine Tourism Promotion","Maine",6,0,51.1413622693701,100,"0",215.36
338,"Canadian Snacks","Maine",6,7,43.5554010723219,88,"0",210.69
339,"Homemade Holiday Gifts","Maine",6,3,34.7695284804694,110,"1",257.49
340,"Steaming Hot Cocktails","Massachusetts",7,13,36.6718701672596,122,"0",243.86
341,"Canadian Snacks","Vermont",6,11,47.7530662314687,117,"0",224.18
342,"Homemade Holiday Gifts","Maine",7,6,55.6529239495696,124,"1",258.23
343,"Games Of Chance","Massachusetts",2,13,43.9187332777567,107,"0",185.47
344,"Hot Chocolate/Warm Treats","Maine",10,5,47.089626297876,130,"1",213.22
345,"Homemade Holiday Gifts","Maine",8,14,37.1248649207523,118,"0",182.8
346,"Hot Chocolate/Warm Treats","Maine",4,6,59.2417831491228,106,"0",199.58
347,"DIY Ice Sculpture","Maine",6,7,39.9347064712703,127,"1",263.95
348,"Games Of Chance","Ontario",3,16,50.8544809539686,113,"0",214.84
349,"Hot Chocolate/Warm Treats","Quebec",4,0,36.9732431649577,113,"0",201.74
350,"Canadian Snacks","Maine",6,0,40.0389656730597,115,"0",203.92
351,"Steaming Hot Cocktails","Quebec",3,2,70.7556778717171,105,"1",251.99
352,"Steaming Hot Cocktails","Maine",4,4,29.8420143689691,90,"1",240.8
353,"Canadian Snacks","Maine",7,1,51.9832553757843,91,"0",220
354,"Homemade Holiday Gifts","Maine",9,7,57.3260734196706,117,"0",224.46
355,"Steaming Hot Cocktails","Maine",4,9,53.3049105777143,109,"0",195.85
356,"Homemade Holiday Gifts","Maine",3,9,16.6612335009606,102,"0",252.13
357,"Steaming Hot Cocktails","New Hampshire",4,9,72.5952027551299,97,"0",240.63
358,"Specialty Ice Cream","Maine",5,7,71.1110847982393,107,"0",239.66
359,"Hot Chocolate/Warm Treats","Maine",7,11,47.9835475278895,110,"0",206.27
360,"DIY Ice Sculpture","Maine",9,7,46.3042220326489,124,"0",228.61
361,"Local Artists","Vermont",6,12,58.1898606548248,108,"0",193.83
362,"Local Artists","New Hampshire",5,5,38.5769459095007,123,"0",173.5
363,"Hot Chocolate/Warm Treats","Maine",8,9,65.1188835410163,102,"0",203.94
364,"Fried Dough and Pizza","Quebec",6,2,63.6343946310085,104,"0",219.47
365,"Homemade Holiday Gifts","Maine",6,2,57.3360232122239,117,"0",248.47
366,"Homemade Holiday Gifts","Maine",5,0,40.2892342084552,105,"0",159.38
367,"Steaming Hot Cocktails","Ontario",0,0,24.4943312893823,124,"0",208.63
368,"craft beer","Maine",5,0,40.1358213769195,127,"1",207.54
369,"Local Artists","Quebec",3,7,34.7803744138856,126,"0",263.45
370,"Games Of Chance","Quebec",3,5,50.3859740154164,122,"0",198.64
371,"Canadian Snacks","Maine",3,17,35.7875202681598,118,"0",218.38
372,"Homemade Holiday Gifts","Massachusetts",6,1,28.1099675445742,140,"1",241.7
373,"DIY Ice Sculpture","Quebec",10,0,62.9190548418677,113,"0",235.81
374,"Steaming Hot Cocktails","New Hampshire",3,0,32.6668991909693,116,"0",252.22
375,"Fried Dough and Pizza","Vermont",2,15,87.8878457904778,122,"0",248.42
376,"Specialty Ice Cream","Quebec",8,2,47.111890903631,119,"0",216.83
377,"Homemade Holiday Gifts","Vermont",4,0,37.0504642519843,123,"0",265.82
378,"Local Artists","Maine",4,1,28.4940469173306,104,"0",190.63
379,"Canadian Snacks","Vermont",5,0,52.9449761420937,99,"0",213.91
380,"Specialty Ice Cream","Maine",1,5,47.1838434807223,106,"1",180.7
381,"Canadian Snacks","Maine",7,4,57.9391171545591,89,"1",169.62
382,"Homemade Holiday Gifts","Maine",4,8,50.2896909678356,86,"0",182.23
383,"Fried Dough and Pizza","Vermont",3,11,22.9298618003822,99,"0",225.41
384,"Games Of Chance","Maine",3,12,43.562570851809,116,"1",191.73
385,"Canadian Snacks","Maine",4,0,43.4642234044366,123,"1",234.47
386,"Local Artists","Maine",6,5,51.7971475343646,113,"0",262.3
387,"Maine Tourism Promotion","Maine",1,0,59.3484769619853,108,"0",275.94
388,"Homemade Holiday Gifts","Massachusetts",8,6,3.0699027708748,95,"0",226
389,"Hot Chocolate/Warm Treats","Maine",4,10,54.4945620885189,114,"0",263.3
390,"Specialty Ice Cream","Connecticut",4,9,45.1390660539772,130,"0",249.43
391,"Local Artists","Maine",5,2,42.6118463852164,109,"0",218.24
392,"Fried Dough and Pizza","Maine",7,10,47.4939048981583,103,"0",199.13
393,"Specialty Ice Cream","Connecticut",5,6,41.8927143196984,106,"0",208.92
394,"Fried Dough and Pizza","Maine",4,0,30.2026765721008,123,"0",214.73
395,"Fried Dough and Pizza","Maine",3,0,42.4095214127986,105,"0",229.45
396,"Video Game/eSports","Maine",3,9,90.6498272536331,111,"0",249.86
397,"Maine Tourism Promotion","Maine",1,5,51.9518191549263,113,"0",234.08
398,"Fried Dough and Pizza","New Hampshire",3,0,38.5717986195004,124,"1",209.92
399,"Canadian Snacks","New Hampshire",6,0,39.4953019421561,103,"0",207.32
400,"Canadian Snacks","Vermont",5,9,46.458800132468,96,"0",179.53
401,"Fried Dough and Pizza","Maine",4,0,55.1118188872494,114,"0",199.56
402,"Fried Dough and Pizza","Quebec",5,2,40.0416913453458,110,"0",254.3
403,"Games Of Chance","Connecticut",5,0,50.5387112277106,120,"1",254.83
404,"Hot Chocolate/Warm Treats","Massachusetts",4,12,54.5151929716365,134,"1",289.43
405,"Fried Dough and Pizza","Quebec",5,0,52.2893577847568,99,"0",205.82
406,"Local Artists","Maine",4,4,42.6628539804458,110,"0",216.67
407,"Games Of Chance","Maine",5,4,50.6216800053613,105,"0",191.03
408,"Steaming Hot Cocktails","New Hampshire",6,0,42.1927273097881,115,"0",187.96
409,"Homemade Holiday Gifts","Maine",4,3,37.0626884557661,95,"0",231.65
410,"DIY Ice Sculpture","New Hampshire",6,4,53.8708115493717,102,"0",241.46
411,"Games Of Chance","Maine",5,6,39.7119610056824,123,"0",269.45
412,"Canadian Snacks","Quebec",9,8,53.6998232354682,104,"0",216.32
413,"DIY Ice Sculpture","Maine",12,8,50.5496293054197,107,"0",204.2
414,"Steaming Hot Cocktails","Maine",6,11,60.4198212324641,106,"0",218.05
415,"Games Of Chance","Maine",4,0,42.187510276983,118,"0",173.91
416,"DIY Ice Sculpture","Maine",13,1,49.8933499357007,124,"0",211.14
417,"Local Artists","Quebec",7,0,14.9797744365275,124,"0",202.38
418,"Homemade Holiday Gifts","Maine",5,12,45.8071227245974,113,"1",286.68
419,"craft beer","Maine",4,9,53.0531853006877,83,"0",270.38
420,"Homemade Holiday Gifts","New Hampshire",4,3,51.0861786169234,115,"1",208.43
421,"Specialty Ice Cream","Maine",8,0,61.343687785652,103,"0",140.41
422,"Fried Dough and Pizza","Vermont",8,0,66.7972262589204,111,"0",206.88
423,"Specialty Ice Cream","Maine",6,17,62.7945072167291,112,"0",281.72
424,"Specialty Ice Cream","Quebec",5,2,45.3689620460094,87,"1",193.75
425,"Steaming Hot Cocktails","Vermont",3,12,41.0538649516152,107,"0",146.69
426,"Hot Chocolate/Warm Treats","Quebec",11,17,34.9869658160852,109,"0",175.02
427,"Hot Chocolate/Warm Treats","Vermont",5,0,60.177638389531,121,"0",205.43
428,"Hot Chocolate/Warm Treats","Connecticut",7,12,31.6190673580082,106,"0",180.54
429,"Games Of Chance","Maine",3,18,45.3045988470467,116,"0",268.74
430,"Local Artists","New Hampshire",5,4,32.97202504989,102,"0",187.54
431,"Canadian Snacks","New Hampshire",9,6,63.6429633633263,109,"1",274.56
432,"Games Of Chance","Maine",5,0,60.9541009406265,85,"1",229.32
433,"Homemade Holiday Gifts","Maine",6,1,27.12392064547,104,"0",153.39
434,"Fortune Teller","Connecticut",4,14,39.2633276416407,124,"0",263.86
435,"Games Of Chance","Maine",5,5,63.3683656752349,112,"0",258.53
436,"Fried Dough and Pizza","Maine",4,0,33.7271999809441,87,"0",184.02
437,"Steaming Hot Cocktails","Maine",3,0,56.1135883261454,108,"1",216.73
438,"Hot Chocolate/Warm Treats","New Hampshire",2,10,47.8020489817089,138,"0",228.57
439,"Video Game/eSports","Maine",3,0,72.8397398447232,124,"0",233.81
440,"Local Artists","Maine",5,18,47.0969793473822,122,"0",236.45
441,"Games Of Chance","Vermont",3,4,30.1671460978417,121,"0",215.02
442,"Homemade Holiday Gifts","Maine",8,1,39.0483411610333,110,"0",244.38
443,"Games Of Chance","Maine",5,1,32.6780745227481,118,"0",236.23
444,"Hot Chocolate/Warm Treats","Maine",10,5,57.5334552340589,101,"1",237.37
445,"Local Artists","Quebec",6,13,53.7851779535147,105,"0",168.56
446,"Hot Chocolate/Warm Treats","Maine",5,4,50.9254009681569,103,"0",147.03
447,"Hot Chocolate/Warm Treats","Maine",2,0,68.0022136794032,134,"1",249.61
448,"Homemade Holiday Gifts","Massachusetts",6,11,41.1194423312342,106,"1",213.24
449,"Fried Dough and Pizza","Connecticut",7,4,65.530973941023,120,"1",165.72
450,"Hot Chocolate/Warm Treats","Maine",5,7,58.1041591341925,109,"0",157.38
451,"Local Artists","Maine",2,8,38.8836652670584,112,"0",259.68
452,"Hot Chocolate/Warm Treats","Maine",4,3,30.9993446905896,125,"0",188.96
453,"Local Artists","Quebec",4,3,42.4129121019036,103,"1",194.12
454,"Canadian Snacks","Maine",5,0,35.3878937100719,115,"0",217.48
455,"Specialty Ice Cream","Maine",5,0,39.8744592770614,108,"0",262.35
456,"Specialty Ice Cream","New Hampshire",6,0,43.1395802493148,114,"0",285.3
457,"Hot Chocolate/Warm Treats","New Hampshire",7,2,74.9181364954485,93,"0",251.67
458,"Canadian Snacks","Connecticut",5,5,65.2480024803322,107,"0",228.67
459,"Fried Dough and Pizza","Maine",4,0,49.9009199574497,105,"0",236.19
460,"Homemade Holiday Gifts","Ontario",4,2,48.5687756157985,96,"1",226.81
461,"Hot Chocolate/Warm Treats","Massachusetts",4,12,58.1380631514165,105,"0",240.6
462,"Hot Chocolate/Warm Treats","Vermont",8,1,67.0757032337106,104,"0",233.12
463,"Canadian Snacks","Maine",7,0,67.4896638800329,107,"1",218.2
464,"Specialty Ice Cream","Maine",6,4,57.392511160617,95,"0",185.22
465,"Canadian Snacks","Maine",6,5,48.1672362966985,108,"1",230.71
466,"Games Of Chance","Massachusetts",5,0,38.6674382708267,114,"0",244.94
467,"Local Politician","Maine",5,0,43.994113432184,130,"0",193.71
468,"Steaming Hot Cocktails","Maine",4,6,33.5585410190631,118,"0",254.32
469,"Homemade Holiday Gifts","Vermont",5,0,43.0199709574266,93,"0",155.93
470,"Specialty Ice Cream","Maine",3,0,57.5527725640094,109,"0",251.82
471,"Canadian Snacks","Maine",2,3,49.8058970637162,107,"1",206.34
472,"Hot Chocolate/Warm Treats","New Hampshire",3,3,51.9918975892163,113,"0",208.3
473,"Steaming Hot Cocktails","Vermont",4,9,53.7085214765143,116,"0",208.11
474,"Hot Chocolate/Warm Treats","Maine",5,0,54.4962788705101,86,"0",216.99
475,"Hot Chocolate/Warm Treats","Maine",4,9,55.8086835379051,100,"0",249.41
476,"Local Artists","Massachusetts",4,0,40.2633565488647,101,"0",234.46
477,"Canadian Snacks","Maine",6,6,25.159926988795,112,"0",257.21
478,"Video Game/eSports","Maine",5,2,37.5535836475025,102,"0",143.78
479,"Local Artists","Maine",3,11,33.5945433245657,91,"0",226.75
480,"Maine Tourism Promotion","Maine",8,4,56.8816221265831,121,"0",298.84
481,"Homemade Holiday Gifts","Maine",4,19,24.4541480634152,94,"0",196.47
482,"Hot Chocolate/Warm Treats","Connecticut",5,10,62.7584074246061,113,"0",236.06
483,"Specialty Ice Cream","Maine",9,1,42.8871764233795,107,"0",137.75
484,"Video Game/eSports","Maine",5,0,62.2191802596158,101,"0",248
485,"Homemade Holiday Gifts","Massachusetts",3,1,49.3867077393175,127,"0",228.05
486,"Local Artists","Quebec",7,0,48.6050977621104,108,"0",214.69
487,"Fried Dough and Pizza","Maine",5,0,31.8375298124278,102,"0",236.71
488,"Canadian Snacks","Maine",7,13,60.8933645283896,135,"1",278
489,"Homemade Holiday Gifts","Vermont",1,8,45.0265941874881,110,"1",200.01
490,"DIY Ice Sculpture","New Hampshire",12,0,57.5932162777265,112,"0",146.03
491,"Video Game/eSports","Connecticut",3,0,64.8146605646055,128,"0",235.84
492,"Local Artists","Maine",9,0,44.3921154605846,109,"0",277.62
493,"Canadian Snacks","Maine",7,9,68.9436268989361,125,"0",280.09
494,"Fortune Teller","Massachusetts",6,15,53.351103318666,118,"0",196.1
495,"Canadian Snacks","Maine",8,3,43.7323487380364,109,"0",210.87
496,"Steaming Hot Cocktails","Maine",2,0,47.7736163178096,127,"0",249.4
497,"Steaming Hot Cocktails","Maine",3,11,25.5617827461129,99,"0",200.36
498,"Canadian Snacks","Vermont",7,7,26.9909003915608,95,"0",185.52
499,"Fried Dough and Pizza","Maine",8,2,53.0161495258772,109,"0",230.86
500,"Local Artists","Maine",5,5,19.798187967868,110,"0",179.09
501,"Canadian Snacks","Maine",6,0,40.4753771811326,114,"0",244.03
502,"Hot Chocolate/Warm Treats","Maine",4,5,32.0587404784902,122,"0",251.64
503,"Specialty Ice Cream","Massachusetts",3,0,53.6255131599629,107,"0",217.75
504,"Local Artists","Maine",6,3,32.6771888139866,120,"0",258.89
505,"Specialty Ice Cream","Connecticut",3,12,56.0183165759633,112,"0",206.62
506,"Homemade Holiday Gifts","Maine",7,14,45.6806356305043,96,"1",226.26
507,"Steaming Hot Cocktails","Maine",9,7,42.0767585971283,130,"0",232.42
508,"Specialty Ice Cream","Maine",4,5,66.834208976237,93,"0",173.9
509,"Hot Chocolate/Warm Treats","Maine",5,15,47.2686528264919,119,"0",271.69
510,"Local Artists","Maine",7,0,29.7592290286231,94,"0",200.3
511,"Homemade Holiday Gifts","Maine",6,7,44.2107840320966,95,"0",201.35
512,"Hot Chocolate/Warm Treats","Ontario",4,0,53.2714225305472,120,"0",237.29
513,"Hot Chocolate/Warm Treats","Vermont",5,7,52.2667133632467,117,"1",232.61
514,"Local Artists","Maine",6,14,19.3774366315364,124,"0",243.65
515,"Games Of Chance","Maine",4,8,46.151451400233,117,"0",203.9
516,"Homemade Holiday Gifts","Maine",4,3,36.0927674452513,118,"0",203.97
517,"Homemade Holiday Gifts","Maine",8,0,43.211248675162,119,"1",284.94
518,"Canadian Snacks","Maine",3,3,41.3844154367349,113,"0",267.55
519,"Fried Dough and Pizza","Vermont",5,3,40.1813933198203,98,"0",221.76
520,"Fried Dough and Pizza","Maine",6,4,47.7566409465894,120,"0",198.94
521,"Hot Chocolate/Warm Treats","Ontario",3,11,45.6847744540641,82,"0",215.02
522,"Homemade Holiday Gifts","Maine",6,3,48.8515592274828,84,"1",202.95
523,"Canadian Snacks","Connecticut",6,0,45.0003905835857,104,"0",148.6
524,"Games Of Chance","New Hampshire",5,1,43.7740154447116,114,"0",270
525,"Homemade Holiday Gifts","Maine",8,15,49.6866278337926,122,"0",237.92
526,"Hot Chocolate/Warm Treats","Maine",5,11,61.310740946824,120,"0",254.5
527,"Homemade Holiday Gifts","Quebec",3,6,32.1118994357301,105,"0",243.16
528,"Games Of Chance","Connecticut",2,0,43.3259429217532,120,"0",244.84
529,"Homemade Holiday Gifts","Vermont",2,0,19.0409772981716,96,"0",144.18
530,"Steaming Hot Cocktails","Maine",3,9,51.2551405016109,119,"0",233.85
531,"Maine Tourism Promotion","Maine",6,1,37.3503948602938,95,"0",215.51
532,"Hot Chocolate/Warm Treats","Maine",4,4,50.8883785433769,107,"0",191.95
533,"Local Politician","Maine",5,7,60.1388793997932,93,"0",210.18
534,"Canadian Snacks","Maine",3,4,68.5115029498305,100,"1",258.42
535,"Games Of Chance","Maine",9,9,46.8071442006354,109,"1",238.99
536,"Games Of Chance","Maine",4,0,25.8371946557074,113,"0",237.11
537,"Local Artists","Vermont",6,3,41.7100159406293,103,"1",202.54
538,"Games Of Chance","Ontario",4,14,62.1967216893791,137,"0",191.31
539,"Fried Dough and Pizza","Maine",6,3,59.112819642787,126,"0",263.38
540,"Homemade Holiday Gifts","Maine",7,6,10.7900772000872,100,"0",187.66
541,"Local Artists","Maine",6,6,72.4688278432637,122,"0",224.93
542,"Hot Chocolate/Warm Treats","Quebec",4,6,62.4892974138033,111,"0",184.72
543,"Fried Dough and Pizza","Maine",1,12,59.6274227580226,101,"1",170.54
544,"Steaming Hot Cocktails","Maine",2,1,49.9065849936037,94,"0",178.38
545,"Homemade Holiday Gifts","Connecticut",6,17,50.2567552726829,104,"0",173.21
546,"craft beer","New Hampshire",9,5,46.2383461892117,104,"1",175.83
547,"Fried Dough and Pizza","Ontario",6,0,53.8378319681637,112,"0",239.38
548,"Homemade Holiday Gifts","Massachusetts",6,12,28.6876955043429,103,"0",222.28
549,"Hot Chocolate/Warm Treats","Quebec",6,2,47.2663302795265,127,"0",245.09
550,"Homemade Holiday Gifts","Maine",1,4,26.7085893791194,102,"0",212.47
551,"Local Artists","Maine",2,9,47.1873391530562,110,"0",182.6
552,"Hot Chocolate/Warm Treats","Maine",6,11,66.8716346036406,109,"0",226.69
553,"Homemade Holiday Gifts","Maine",6,9,61.21083734918,106,"0",167.99
554,"Fortune Teller","Quebec",4,3,44.9611000137859,121,"0",175.46
555,"Hot Chocolate/Warm Treats","Maine",3,0,61.3709654331886,126,"0",207.53
556,"Games Of Chance","Quebec",7,11,68.1492117552462,111,"0",184.86
557,"Canadian Snacks","Quebec",8,6,28.0007283310638,122,"1",219.02
558,"Local Politician","Connecticut",2,0,58.3104698150975,98,"1",144.15
559,"Hot Chocolate/Warm Treats","Maine",2,6,44.3060399598619,106,"0",231.54
560,"Hot Chocolate/Warm Treats","New Hampshire",4,2,47.819848817265,110,"1",200.4
561,"Canadian Snacks","Maine",3,0,44.483074825461,126,"0",220.84
562,"Homemade Holiday Gifts","Maine",4,12,58.4482545940646,101,"0",196.4
563,"Homemade Holiday Gifts","Vermont",4,0,58.7277293714981,116,"0",217.25
564,"craft beer","Maine",2,3,66.9978901368591,95,"0",191.69
565,"Games Of Chance","Connecticut",7,0,44.4818544017575,119,"0",186.31
566,"Homemade Holiday Gifts","Maine",4,0,37.5912618456453,111,"0",245.1
567,"craft beer","Vermont",4,9,53.5613288024519,131,"0",191.97
568,"Hot Chocolate/Warm Treats","Maine",6,9,48.1204454448681,107,"0",236.32
569,"Hot Chocolate/Warm Treats","Connecticut",7,16,41.2936225740366,113,"0",260.51
570,"Steaming Hot Cocktails","Maine",0,0,73.9903697492561,129,"1",296.16
571,"Maine Tourism Promotion","Maine",3,11,43.4609804970769,106,"0",215.29
572,"Steaming Hot Cocktails","Vermont",2,6,64.1336175972078,115,"1",250.78
573,"Local Politician","Maine",6,10,35.5892696299527,112,"0",244.18
574,"Local Artists","Massachusetts",1,0,15.1231103213662,129,"0",229.11
575,"Hot Chocolate/Warm Treats","Quebec",2,1,56.0635158725041,118,"0",267.74
576,"Hot Chocolate/Warm Treats","Maine",5,6,62.2130403128216,103,"0",176.83
577,"Hot Chocolate/Warm Treats","Maine",2,0,56.6561063121691,102,"0",193.11
578,"Specialty Ice Cream","Maine",8,7,61.6690802634816,100,"0",185.43
579,"Specialty Ice Cream","Maine",2,7,56.8169750093108,110,"1",169.88
580,"Fried Dough and Pizza","Vermont",6,7,54.6154238524669,119,"0",203.95
581,"Fried Dough and Pizza","Maine",8,0,35.4015470059127,112,"0",272.54
582,"DIY Ice Sculpture","New Hampshire",11,10,57.0436881404742,107,"1",248.48
583,"Local Artists","Maine",7,2,38.9764234576807,123,"0",277.04
584,"Homemade Holiday Gifts","Ontario",6,5,35.2978713630517,132,"0",260.46
585,"Video Game/eSports","Maine",5,6,67.2422806136677,96,"0",215.13
586,"Local Artists","Massachusetts",8,0,61.4218234287542,116,"0",237.46
587,"Hot Chocolate/Warm Treats","Vermont",6,10,52.4120941122261,98,"0",182.62
588,"Hot Chocolate/Warm Treats","Maine",6,0,58.6339995367813,100,"0",158.62
589,"Hot Chocolate/Warm Treats","New Hampshire",5,9,50.3620314115833,108,"0",163.54
590,"Local Artists","Maine",2,17,17.4852710782914,115,"0",268.38
591,"Fried Dough and Pizza","New Hampshire",6,14,42.5687626316519,113,"0",224.36
592,"Games Of Chance","New Hampshire",8,8,40.7615273181261,120,"1",206.22
593,"Local Politician","Maine",5,20,44.6396109422531,123,"0",294.42
594,"Hot Chocolate/Warm Treats","Maine",4,0,47.6554440341594,117,"0",243.02
596,"Hot Chocolate/Warm Treats","Maine",6,9,61.9607166229577,97,"1",166.91
597,"Local Politician","Massachusetts",5,17,46.5746055346409,110,"1",164.51
598,"Games Of Chance","Maine",9,8,58.4950851167685,103,"0",186.07
599,"Games Of Chance","Connecticut",5,6,48.3735129514166,99,"0",205.63
600,"craft beer","Maine",3,5,46.9540410557099,105,"0",228.27
601,"Steaming Hot Cocktails","Vermont",1,13,37.8346029736819,101,"0",157.1
602,"Hot Chocolate/Warm Treats","Maine",8,0,55.1928672152575,126,"0",266.85
603,"Local Politician","Maine",7,8,49.5046755483028,93,"0",175.18
604,"Homemade Holiday Gifts","Connecticut",5,15,47.4289437968848,118,"0",271.16
605,"Games Of Chance","Maine",6,6,70.4966137543702,116,"0",271.48
606,"Local Artists","New Hampshire",3,0,50.7813246351933,105,"1",188
607,"Games Of Chance","Maine",4,3,58.4157404924238,107,"1",231.38
608,"Fried Dough and Pizza","Maine",10,3,45.7188261095311,105,"0",153.9
609,"craft beer","Maine",2,6,59.3068533143589,120,"0",237.88
610,"Local Artists","Maine",3,8,47.3203342964472,100,"0",189.87
611,"Homemade Holiday Gifts","Maine",9,12,45.333725754384,119,"0",177.68
612,"Hot Chocolate/Warm Treats","Maine",4,3,51.1658428797111,111,"0",176.47
613,"DIY Ice Sculpture","Maine",13,0,41.7076740978671,118,"0",256.16
614,"Canadian Snacks","New Hampshire",5,0,26.0477976524494,109,"1",240.58
615,"Video Game/eSports","Maine",1,9,46.1795890866228,95,"0",230.73
616,"Canadian Snacks","Maine",9,0,37.5294439709312,111,"0",192.44
617,"Steaming Hot Cocktails","New Hampshire",5,8,43.576087417353,111,"0",216.88
618,"Canadian Snacks","New Hampshire",2,1,31.3280988900905,104,"0",171.88
619,"Canadian Snacks","Connecticut",8,0,70.6862444077283,139,"0",188.62
620,"Fried Dough and Pizza","Quebec",5,8,43.4393090751863,111,"0",272.17
621,"Maine Tourism Promotion","Maine",4,1,54.2017783312407,103,"1",221.85
622,"DIY Ice Sculpture","Vermont",8,8,87.0856688867617,124,"0",238.15
623,"Hot Chocolate/Warm Treats","Maine",9,3,44.6280303994954,108,"0",263.03
624,"Homemade Holiday Gifts","Maine",5,14,22.7200374025173,109,"1",156.27
625,"DIY Ice Sculpture","Maine",11,8,54.2903273420688,106,"0",187.3
626,"Hot Chocolate/Warm Treats","Maine",4,0,45.2261290807759,115,"0",274.78
627,"Video Game/eSports","Vermont",6,3,67.3085136441522,88,"0",225.59
628,"Games Of Chance","Maine",2,0,28.3459619014187,123,"1",252.76
629,"Homemade Holiday Gifts","Massachusetts",5,14,40.2743876740891,125,"0",260.7
630,"Video Game/eSports","New Hampshire",4,0,59.6879883914307,106,"0",208.69
631,"Hot Chocolate/Warm Treats","Maine",5,1,53.7939694304526,108,"0",183.19
632,"Homemade Holiday Gifts","Massachusetts",8,8,67.6917432508521,137,"0",263.37
633,"Specialty Ice Cream","New Hampshire",7,2,46.3332639315155,96,"0",242.98
634,"craft beer","Maine",1,11,59.2834946884198,134,"0",251.05
635,"Homemade Holiday Gifts","Connecticut",5,8,44.6605519158673,108,"0",226.91
636,"Homemade Holiday Gifts","Maine",5,11,3.8040823501173,106,"0",187.23
637,"Local Politician","Maine",3,0,40.6179078063284,110,"1",266.98
639,"Local Artists","Maine",4,8,44.1194692172867,100,"1",231.08
640,"Steaming Hot Cocktails","New Hampshire",1,0,58.0294162466935,109,"0",244.01
641,"Fried Dough and Pizza","Maine",6,7,27.7534195606769,104,"0",172.55
642,"Local Artists","Vermont",5,12,40.463667797431,129,"1",273.37
643,"Local Artists","New Hampshire",7,11,35.4142091578427,114,"1",249.86
644,"Homemade Holiday Gifts","Maine",5,9,44.0469996548441,108,"0",221.29
645,"Hot Chocolate/Warm Treats","Maine",5,0,35.9704726316881,100,"0",162.4
646,"Games Of Chance","Connecticut",8,1,82.439048278355,112,"0",240.66
647,"craft beer","Connecticut",8,0,64.0599440806045,98,"0",238.46
648,"Hot Chocolate/Warm Treats","Maine",8,3,66.3022315573827,95,"0",151.87
649,"Hot Chocolate/Warm Treats","Maine",4,5,51.7645281032039,122,"0",200.02
651,"Games Of Chance","Maine",8,0,51.1866213123009,107,"1",216.33
652,"Hot Chocolate/Warm Treats","Connecticut",3,8,32.4246989394484,116,"0",250.33
653,"Games Of Chance","Quebec",7,0,54.6990463862014,106,"0",207.06
654,"DIY Ice Sculpture","Vermont",9,7,91.5679362097793,108,"0",190.85
655,"Local Artists","Massachusetts",4,7,51.2455529643963,111,"0",201.68
656,"Fried Dough and Pizza","Maine",5,1,67.5839933819385,121,"0",194.05
657,"Games Of Chance","Maine",2,0,56.6465451438178,91,"1",270.91
658,"Games Of Chance","Connecticut",1,0,70.4028301818937,120,"0",194.9
659,"Video Game/eSports","Maine",1,10,54.7890020545002,108,"0",138.03
660,"Canadian Snacks","Maine",7,2,60.1888601253475,118,"0",233.55
661,"Local Politician","Maine",8,0,55.5347270303935,119,"1",290.42
662,"Canadian Snacks","Maine",5,0,50.620138043266,101,"0",207.46
663,"Canadian Snacks","New Hampshire",5,7,66.7750769976959,105,"0",268.07
664,"Canadian Snacks","Massachusetts",7,10,43.8461446413106,119,"1",215.49
665,"Maine Tourism Promotion","Maine",3,0,52.7334095852094,110,"0",242.28
666,"Hot Chocolate/Warm Treats","Connecticut",5,0,63.060403626923,100,"1",186.14
667,"Video Game/eSports","Maine",2,5,51.4068882731205,106,"0",177.88
668,"Games Of Chance","Vermont",5,8,51.9211329483043,107,"1",223.36
669,"Homemade Holiday Gifts","Massachusetts",5,7,50.1460392278216,111,"0",81.29
670,"Hot Chocolate/Warm Treats","Maine",5,1,67.436290594075,118,"0",184.56
671,"Specialty Ice Cream","Maine",5,0,79.1783262068197,116,"0",269.24
672,"Hot Chocolate/Warm Treats","Maine",3,11,50.7174305926702,133,"1",280.06
673,"Homemade Holiday Gifts","Maine",7,8,12.3941625790323,116,"0",225.14
674,"Local Artists","Maine",7,6,46.0488046170613,121,"0",232.63
675,"Local Artists","Maine",4,1,39.0517117723251,119,"0",300.7
676,"Fried Dough and Pizza","Quebec",5,13,62.6558413107254,115,"0",208.77
677,"Specialty Ice Cream","Connecticut",4,9,41.2274636713996,109,"0",193.46
678,"Canadian Snacks","Quebec",8,9,52.4258576381173,112,"1",228.28
680,"Hot Chocolate/Warm Treats","Maine",8,4,54.9257203828244,118,"0",244.24
681,"Homemade Holiday Gifts","Connecticut",4,7,41.7258620239288,101,"0",235.69
682,"Local Artists","Maine",1,4,51.1821466614872,88,"0",177.73
683,"Hot Chocolate/Warm Treats","Maine",4,0,45.2007139390916,111,"0",217.72
684,"Games Of Chance","Quebec",7,9,41.2374961046438,88,"0",219.99
685,"Hot Chocolate/Warm Treats","Maine",6,2,48.8228207980403,83,"1",159.79
686,"Hot Chocolate/Warm Treats","Ontario",7,2,73.5078014238178,122,"0",271.33
687,"Local Artists","Maine",8,7,22.9636331094163,126,"0",239.98
688,"Games Of Chance","Maine",4,3,46.3576936121099,123,"0",290.94
689,"Hot Chocolate/Warm Treats","Maine",9,3,59.4317356171583,106,"0",280.62
690,"Games Of Chance","Maine",5,1,44.3646092784874,107,"0",226.48
691,"Maine Tourism Promotion","Maine",6,1,61.2104820046488,128,"0",210.77
692,"Homemade Holiday Gifts","Vermont",7,0,11.6544066787457,118,"0",215.68
693,"Fried Dough and Pizza","Maine",7,15,60.1678130919104,110,"0",155.63
694,"Hot Chocolate/Warm Treats","Maine",4,12,48.2480882695694,109,"1",195.32
695,"Canadian Snacks","Maine",6,0,50.2433213392624,136,"0",230.86
696,"Games Of Chance","Maine",5,7,48.9507970429936,105,"1",242.94
697,"Homemade Holiday Gifts","Maine",7,7,33.5800787931212,113,"0",250.02
698,"Homemade Holiday Gifts","Maine",4,9,49.226535925011,118,"0",282.52
699,"Video Game/eSports","Vermont",8,2,64.0357862101021,106,"0",234.86
700,"craft beer","Maine",5,3,70.3505679047159,100,"1",242.8
4,"8","6",13,6,5,3,"1",7
2,"3","5",6,8,7,6,"1",6
6,"4","2",5,8,8,7,"1",8
9,"7","7",5,4,5,4,"1",7
8,"5","7",8,8,5,10,"1",8
6,"5","5",8,8,4,1,"1",5
8,"7","5",6,4,9,7,"1",8
10,"9","4",5,2,9,7,"1",4
